<?xml version="1.0" encoding="UTF-8"?>
		}
<rss version="2.0" xmlns:ror="http://rorweb.com/0.1/" >
<channel>
  <title>ROR Sitemap for http://nhuathong.com/</title>
  <link>http://nhuathong.com/</link>

<item>
     <link>http://nhuathong.com/</link>
     <title>NHỰA THÔNG - NHUATHONG.COM - 0934.358.636</title>
     <description>nhựa thông com|nhựa thông|rẻ đẹp|nhua thong|tot dep</description>
     <ror:updatePeriod></ror:updatePeriod>
     <ror:sortOrder>0</ror:sortOrder>
     <ror:resourceOf>sitemap</ror:resourceOf>
</item>
<item>
     <link>http://nhuathong.com/nhua-thong/1/1-nhựa-thông-đường.html</link>
     <title> nhựa thông đường</title>
     <description> nhựa thông đường</description>
     <ror:updatePeriod></ror:updatePeriod>
     <ror:sortOrder>1</ror:sortOrder>
     <ror:resourceOf>sitemap</ror:resourceOf>
</item>
<item>
     <link>http://nhuathong.com/nhua-thong/1/4-nhựa-thông-gum-rosin.html</link>
     <title> nhựa thông gum rosin</title>
     <description> nhựa thông gum rosin</description>
     <ror:updatePeriod></ror:updatePeriod>
     <ror:sortOrder>1</ror:sortOrder>
     <ror:resourceOf>sitemap</ror:resourceOf>
</item>
<item>
     <link>http://nhuathong.com/nhua-thong/2/2-colophan-–-nhựa-thông.html</link>
     <title> colophan – nhựa thông</title>
     <description> colophan – nhựa thông</description>
     <ror:updatePeriod></ror:updatePeriod>
     <ror:sortOrder>1</ror:sortOrder>
     <ror:resourceOf>sitemap</ror:resourceOf>
</item>
<item>
     <link>http://nhuathong.com/nhua-thong/2/5-nhưạ-gum-turpentine.html</link>
     <title> nhưạ gum turpentine</title>
     <description> nhưạ gum turpentine</description>
     <ror:updatePeriod></ror:updatePeriod>
     <ror:sortOrder>1</ror:sortOrder>
     <ror:resourceOf>sitemap</ror:resourceOf>
</item>
<item>
     <link>http://nhuathong.com/nhua-thong/3/3-tinh-dầu-thông.html</link>
     <title> tinh dầu thông</title>
     <description> tinh dầu thông</description>
     <ror:updatePeriod></ror:updatePeriod>
     <ror:sortOrder>1</ror:sortOrder>
     <ror:resourceOf>sitemap</ror:resourceOf>
</item>
<item>
     <link>http://nhuathong.com/nhua-thong/3/6-dầu-nhựa-thông.html</link>
     <title> dầu nhựa thông</title>
     <description> dầu nhựa thông</description>
     <ror:updatePeriod></ror:updatePeriod>
     <ror:sortOrder>1</ror:sortOrder>
     <ror:resourceOf>sitemap</ror:resourceOf>
</item>
<item>
     <link>http://nhuathong.com/?m=3</link>
     <title>NHỰA THÔNG - NHUATHONG.COM - 0934.358.636</title>
     <description>nhựa thông com|nhựa thông|rẻ đẹp|nhua thong|tot dep</description>
     <ror:updatePeriod></ror:updatePeriod>
     <ror:sortOrder>1</ror:sortOrder>
     <ror:resourceOf>sitemap</ror:resourceOf>
</item>
<item>
     <link>http://nhuathong.com/1.html</link>
     <title>NHỰA THÔNG COM - NHUATHONG.COM - 0934.358.636</title>
     <description>nhua thong|nhưa thông</description>
     <ror:updatePeriod></ror:updatePeriod>
     <ror:sortOrder>1</ror:sortOrder>
     <ror:resourceOf>sitemap</ror:resourceOf>
</item>
<item>
     <link>http://nhuathong.com/2.html</link>
     <title>NHỰA THÔNG COM - NHUATHONG.COM - 0934.358.636</title>
     <description>nhua thong|nhưa thông</description>
     <ror:updatePeriod></ror:updatePeriod>
     <ror:sortOrder>1</ror:sortOrder>
     <ror:resourceOf>sitemap</ror:resourceOf>
</item>
<item>
     <link>http://nhuathong.com/3.html</link>
     <title>NHỰA THÔNG COM - NHUATHONG.COM - 0934.358.636</title>
     <description>nhua thong|nhưa thông</description>
     <ror:updatePeriod></ror:updatePeriod>
     <ror:sortOrder>1</ror:sortOrder>
     <ror:resourceOf>sitemap</ror:resourceOf>
</item>
</channel>
</rss>
  